Stand,Proveedor,CUIT,AliasPOSBerry
0,Capilatis,,CAPILATIS
1,Vamma - Bioderma,,VAMMA|BIODERMA
2,Dorothy Gray,,D GRAY
3,Dorothy Gray,,
4,Algabo,,ALGABO
5,Chicco - Avent,,PARALLEL
6,Disney,,BEAUTY SOLUTIONS
7,Bagó,,BAGO
8,Cuenca,,CUENCA
9,Oreiro,,
10,Loval,,LOVAL
11,Combe,,COMBE
12,Caviahue,,CAVIAHUE
13,Johnson Family,,OFF
14,Comimpar,,COMIMPAR
15,Active Cosmetic,,ACTIVE COSMETIC
16,Gamma,,GAMMA
17,Eurolab - Viasek,,VIASEK
18,Bernabó,,BERNABO
19,Laboratorio ENA,,ENA
20,Elea - Adermicina,,ADERMICINA
21,IDI,,IDI
22,Genoma,,GENOMA
23,Contigo,,IMPORM CONTIGO
24,SISCOM,,SISCOM
25,Estereocolor,,PLUMARI
26,Ferrini - Max,,MAX|FERRINI
27,Buhl,,BUHL
28,ACF,,ACF
29,Lancôme,,
30,Biosintex,,BIOSINTEX
31,Loreal,,LOREAL DERMO
32,BIC,,BIC
33,Cdimex,,CDIMEX|CDIMEX 2
34,Nestlé,,
35,Procter,,PROCTER
36,Ala,,UNILEVER LIMPIEZA
37,Sedal,,
38,Biferdil,,BIFERDIL
39,Kimberly,,KIMBERLY
40,Cannon,,CANNON
41,Coty,,COTY
42,Colgate,,COLGATE
43,By Derm - Star Nutrition,,STAR Y BY DERM
44,Loreal,,LOREAL MAQ
45,Essity,,ESSITY
46,Rexona,,UNILEVER 2
47,Nivea - Eucerin,,NIVEA|EUCERIN
48,Neutrogena,,JHONSON
49,Papelera,,PAPELERA
50,Andrómaco,,ANDROMACO
51,Farmar,,
56,Facor,,
57,Isdin,,
58,Skin Coreano,,SKIN COREANO
